Time (%),Total Time (ns),Instances,Avg (ns),Med (ns),Min (ns),Max (ns),StdDev (ns),Name
24.7,16214877,2035,7968.0,8000.0,5792,27008,2339.3,void cutlass::Kernel2<cutlass_80_wmma_tensorop_bf16_s161616gemm_bf16_32x32_128x2_tn_align8>(T1::Params)
12.8,8391228,58,144676.3,114881.0,77217,229922,55662.3,void cutlass::Kernel2<cutlass_80_tensorop_bf16_s16816gemm_relu_bf16_256x128_32x3_tn_align8>(T1::Params)
9.1,5989896,24,249579.0,112546.0,53921,646023,243661.5,"fmha_cutlassF_bf16_aligned_64x64_rf_sm80(PyTorchMemEffAttention::AttentionKernel<cutlass::bfloat16_t, cutlass::arch::Sm80, (bool)1, (int)64, (int)64, (int)64, (bool)1, (bool)1>::Params)"
8.3,5481725,109,50291.1,32096.0,2752,310532,74113.9,"void at::native::elementwise_kernel<(int)128, (int)4, void at::native::gpu_kernel_impl_nocast<at::native::CUDAFunctor_add<c10::BFloat16>>(at::TensorIteratorBase &, const T1 &)::[lambda(int) (instance 1)]>(int, T3)"
5.1,3372101,12,281008.4,280835.0,279843,282820,876.1,void cutlass::Kernel2<cutlass_80_tensorop_bf16_s16816gemm_relu_bf16_128x256_32x3_tn_align8>(T1::Params)
4.2,2726559,84,32459.0,29072.5,1792,66817,23026.0,"void at::native::elementwise_kernel<(int)128, (int)2, void at::native::gpu_kernel_impl_nocast<at::native::direct_copy_kernel_cuda(at::TensorIteratorBase &)::[lambda() (instance 3)]::operator ()() const::[lambda() (instance 7)]::operator ()() const::[lambda(float) (instance 1)]>(at::TensorIteratorBase &, const T1 &)::[lambda(int) (instance 1)]>(int, T3)"
3.5,2326263,77,30211.2,31521.0,6336,160386,18569.6,void cutlass::Kernel2<cutlass_80_wmma_tensorop_bf16_s161616gemm_bf16_32x32_64x1_tn_align8>(T1::Params)
3.0,1942555,146,13305.2,7072.0,2432,50048,13721.1,"void at::native::elementwise_kernel<(int)128, (int)4, void at::native::gpu_kernel_impl_nocast<at::native::direct_copy_kernel_cuda(at::TensorIteratorBase &)::[lambda() (instance 3)]::operator ()() const::[lambda() (instance 12)]::operator ()() const::[lambda(c10::BFloat16) (instance 1)]>(at::TensorIteratorBase &, const T1 &)::[lambda(int) (instance 1)]>(int, T3)"
2.6,1727002,451,3829.3,2784.0,1248,13664,2925.0,"void at::native::unrolled_elementwise_kernel<at::native::direct_copy_kernel_cuda(at::TensorIteratorBase &)::[lambda() (instance 3)]::operator ()() const::[lambda() (instance 7)]::operator ()() const::[lambda(float) (instance 1)], std::array<char *, (unsigned long)2>, (int)4, TrivialOffsetCalculator<(int)1, unsigned int>, TrivialOffsetCalculator<(int)1, unsigned int>, at::native::memory::LoadWithCast<(int)1>, at::native::memory::StoreWithCast<(int)1>>(int, T1, T2, T4, T5, T6, T7)"
2.6,1721524,12,143460.3,143569.5,142465,143842,378.5,void cutlass::Kernel2<cutlass_80_tensorop_bf16_s16816gemm_relu_bf16_256x64_32x4_tn_align8>(T1::Params)
2.1,1365616,72,18966.9,14432.0,13984,28929,6681.2,void cutlass::Kernel2<cutlass_80_tensorop_bf16_s16816gemm_relu_bf16_128x64_32x6_tn_align8>(T1::Params)
2.0,1293644,158,8187.6,8240.0,5984,9984,806.1,void cutlass::Kernel2<cutlass_80_wmma_tensorop_bf16_s161616gemm_bf16_16x16_128x2_tn_align8>(T1::Params)
1.5,999919,24,41663.3,41360.5,40352,43809,806.2,void cutlass::Kernel2<cutlass_80_wmma_tensorop_bf16_s161616gemm_bf16_32x32_32x1_tn_align8>(T1::Params)
1.5,958316,146,6563.8,3392.0,2912,17761,5379.1,"void at::native::<unnamed>::vectorized_layer_norm_kernel<float, float, (bool)0>(int, T2, const T1 *, const T1 *, const T1 *, T2 *, T2 *, T1 *)"
1.4,919562,2,459781.0,459781.0,368036,551526,129747.0,void cutlass__5x_cudnn::Kernel<cutlass_tensorop_bf16_s16816fprop_optimized_bf16_128x128_32x3_nhwc_align8>(T1::Params)
1.4,904487,716,1263.3,1216.0,1152,5472,212.6,"void at::native::vectorized_elementwise_kernel<(int)4, at::native::<unnamed>::silu_kernel(at::TensorIteratorBase &)::[lambda() (instance 1)]::operator ()() const::[lambda() (instance 6)]::operator ()() const::[lambda(c10::BFloat16) (instance 1)], std::array<char *, (unsigned long)2>>(int, T2, T3)"
1.1,747526,716,1044.0,1024.0,896,5632,249.9,"void at::native::vectorized_elementwise_kernel<(int)4, at::native::BinaryFunctor<c10::BFloat16, c10::BFloat16, c10::BFloat16, at::native::binary_internal::MulFunctor<float>>, std::array<char *, (unsigned long)3>>(int, T2, T3)"
1.1,697929,22,31724.0,31712.0,31488,32065,156.8,void cutlass::Kernel2<cutlass_80_tensorop_bf16_s16816gemm_relu_bf16_128x128_64x3_tn_align8>(T1::Params)
1.1,689926,24,28746.9,28768.0,28352,28961,135.7,void cutlass::Kernel2<cutlass_80_tensorop_bf16_s16816gemm_relu_bf16_128x64_64x3_tn_align8>(T1::Params)
0.9,622790,290,2147.6,1664.0,896,7776,1713.9,"void at::native::vectorized_elementwise_kernel<(int)4, at::native::bfloat16_copy_kernel_cuda(at::TensorIteratorBase &)::[lambda(float) (instance 1)], std::array<char *, (unsigned long)2>>(int, T2, T3)"
0.9,600327,16,37520.4,32784.0,28000,57088,11557.8,void cutlass::Kernel2<cutlass_80_tensorop_bf16_s16816gemm_relu_bf16_64x64_32x6_tn_align8>(T1::Params)
0.8,540997,24,22541.5,21920.5,9248,36801,13539.9,"void at::native::vectorized_elementwise_kernel<(int)4, at::native::GeluCUDAKernelImpl(at::TensorIteratorBase &, at::native::GeluType)::[lambda() (instance 2)]::operator ()() const::[lambda() (instance 4)]::operator ()() const::[lambda(c10::BFloat16) (instance 1)], std::array<char *, (unsigned long)2>>(int, T2, T3)"
0.8,523946,88,5953.9,5824.0,5760,6912,349.7,"void at_cuda_detail::cub::DeviceRadixSortOnesweepKernel<at_cuda_detail::cub::DeviceRadixSortPolicy<long, at::cuda::cub::detail::OpaqueType<(int)8>, unsigned long long>::Policy900, (bool)0, long, at::cuda::cub::detail::OpaqueType<(int)8>, unsigned long long, int, int, at_cuda_detail::cub::detail::identity_decomposer_t>(T7 *, T7 *, T5 *, const T5 *, T3 *, const T3 *, T4 *, const T4 *, T6, int, int, T8)"
0.5,298115,12,24842.9,24864.0,24736,24928,67.5,"void flash::flash_fwd_splitkv_kernel<Flash_fwd_kernel_traits<(int)128, (int)64, (int)128, (int)4, (bool)0, (bool)0, cutlass::bfloat16_t, Flash_kernel_traits<(int)128, (int)64, (int)128, (int)4, cutlass::bfloat16_t>>, (bool)1, (bool)0, (bool)0, (bool)0, (bool)1, (bool)0, (bool)1, (bool)0>(flash::Flash_fwd_params)"
0.4,284197,36,7894.4,3456.0,3392,18240,6805.8,"void at::native::elementwise_kernel<(int)128, (int)2, void at::native::gpu_kernel_impl_nocast<at::native::BinaryFunctor<float, float, float, at::native::binary_internal::MulFunctor<float>>>(at::TensorIteratorBase &, const T1 &)::[lambda(int) (instance 1)]>(int, T3)"
0.4,257443,96,2681.7,2704.0,2400,2976,162.4,"void at::native::unrolled_elementwise_kernel<at::native::CUDAFunctor_add<float>, std::array<char *, (unsigned long)3>, (int)4, TrivialOffsetCalculator<(int)2, unsigned int>, TrivialOffsetCalculator<(int)1, unsigned int>, at::native::memory::LoadWithCast<(int)2>, at::native::memory::StoreWithCast<(int)1>>(int, T1, T2, T4, T5, T6, T7)"
0.4,237155,73,3248.7,3168.0,2912,4032,267.1,"void at::native::elementwise_kernel<(int)128, (int)4, void at::native::gpu_kernel_impl_nocast<at::native::BinaryFunctor<c10::BFloat16, c10::BFloat16, c10::BFloat16, at::native::binary_internal::MulFunctor<float>>>(at::TensorIteratorBase &, const T1 &)::[lambda(int) (instance 1)]>(int, T3)"
0.3,228996,32,7156.1,7168.0,5216,9056,1794.6,void cutlass::Kernel2<cutlass_80_wmma_tensorop_bf16_s161616gemm_bf16_16x16_32x1_tn_align2>(T1::Params)
0.3,209474,11,19043.1,19040.0,18912,19136,68.0,"void at::native::index_elementwise_kernel<(int)128, (int)4, void at::native::gpu_index_kernel<void at::native::index_put_kernel_impl<at::native::OpaqueType<(int)2>>(at::TensorIterator &, c10::ArrayRef<long>, c10::ArrayRef<long>)::[lambda(char *, const char *, long) (instance 1)]>(at::TensorIteratorBase &, c10::ArrayRef<long>, c10::ArrayRef<long>, const T1 &, bool)::[lambda(int) (instance 1)]>(long, T3)"
0.3,203075,16,12692.2,12272.0,7168,19136,5668.2,"void at::native::vectorized_elementwise_kernel<(int)4, at::native::FillFunctor<c10::BFloat16>, std::array<char *, (unsigned long)1>>(int, T2, T3)"
0.3,200579,5,40115.8,36545.0,16640,71393,19718.8,sm80_xmma_fprop_implicit_gemm_bf16bf16_bf16f32_f32_nhwckrsc_nhwc_tilesize128x32x32_stage4_warpsize4x1x1_g1_tensor16x8x16_execute_kernel__5x_cudnn
0.3,179905,46,3911.0,3904.0,2720,5120,1186.0,fused__autocast_to__12152488584593855096
0.3,178307,16,11144.2,5392.0,1824,57345,14743.7,"void cudnn::engines_precompiled::nchwToNhwcKernel<__nv_bfloat16, __nv_bfloat16, float, (bool)0, (bool)1, (cudnnKernelDataType_t)0>(cudnn::engines_precompiled::nchw2nhwc_params_t<T3>, const T1 *, T2 *)"
0.2,152995,24,6374.8,6400.0,6208,6528,73.8,"void pytorch_flash::flash_fwd_splitkv_kernel<Flash_fwd_kernel_traits<(int)64, (int)64, (int)256, (int)4, (bool)0, (bool)0, cutlass::bfloat16_t, Flash_kernel_traits<(int)64, (int)64, (int)256, (int)4, cutlass::bfloat16_t>>, (bool)0, (bool)0, (bool)0, (bool)0, (bool)1, (bool)0, (bool)1, (bool)0>(pytorch_flash::Flash_fwd_params)"
0.2,151585,24,6316.0,6304.0,6240,6528,65.9,"void pytorch_flash::flash_fwd_kernel<Flash_fwd_kernel_traits<(int)64, (int)128, (int)128, (int)4, (bool)0, (bool)0, cutlass::bfloat16_t, Flash_kernel_traits<(int)64, (int)128, (int)128, (int)4, cutlass::bfloat16_t>>, (bool)0, (bool)0, (bool)0, (bool)0, (bool)0, (bool)1, (bool)0, (bool)0>(pytorch_flash::Flash_fwd_params)"
0.2,139458,24,5810.8,5824.0,5633,6017,77.2,"void at::native::<unnamed>::CatArrayBatchedCopy<at::native::<unnamed>::OpaqueType<(unsigned int)2>, unsigned int, (int)4, (int)64, (int)64>(T1 *, at::native::<unnamed>::CatArrInputTensorMetadata<T1, T2, T4, T5>, at::native::<unnamed>::TensorSizeStride<T2, (unsigned int)4>, int, T2)"
0.2,130240,54,2411.9,1264.0,1184,6080,1752.0,"void at::native::vectorized_gather_kernel<(int)16, long>(char *, char *, T2 *, int, long, long, long, long, bool)"
0.2,127138,24,5297.4,4992.0,864,10208,3719.7,"void at::native::vectorized_elementwise_kernel<(int)4, at::native::FillFunctor<float>, std::array<char *, (unsigned long)1>>(int, T2, T3)"
0.2,109122,96,1136.7,1056.0,960,1632,166.0,"void at::native::unrolled_elementwise_kernel<at::native::AUnaryFunctor<float, float, float, at::native::binary_internal::MulFunctor<float>>, std::array<char *, (unsigned long)2>, (int)4, TrivialOffsetCalculator<(int)1, unsigned int>, TrivialOffsetCalculator<(int)1, unsigned int>, at::native::memory::LoadWithCast<(int)1>, at::native::memory::StoreWithCast<(int)1>>(int, T1, T2, T4, T5, T6, T7)"
0.1,96833,12,8069.4,8624.0,1952,8864,1934.5,"void at::native::<unnamed>::CatArrayBatchedCopy_vectorized<at::native::<unnamed>::OpaqueType<(unsigned int)2>, unsigned int, (int)1, (int)128, (int)1, (int)16, (int)8>(char *, at::native::<unnamed>::CatArrInputTensorMetadata<T1, T2, T4, T5>, at::native::<unnamed>::TensorSizeStride<T2, (unsigned int)4>, int, T2)"
0.1,96737,11,8794.3,8864.0,8192,9024,217.9,"void at::native::reduce_kernel<(int)128, (int)4, at::native::ReduceOp<long, at::native::func_wrapper_t<long, at::native::sum_functor<long, long, long>::operator ()(at::TensorIterator &)::[lambda(long, long) (instance 1)]>, unsigned int, long, (int)4, (int)4>>(T3)"
0.1,91168,11,8288.0,8256.0,8064,8704,177.0,"void at::native::reduce_kernel<(int)128, (int)4, at::native::ReduceOp<float, at::native::func_wrapper_t<float, at::native::sum_functor<float, float, float>::operator ()(at::TensorIterator &)::[lambda(float, float) (instance 1)]>, unsigned int, float, (int)4, (int)4>>(T3)"
0.1,87681,25,3507.2,3488.0,3296,3712,78.4,"void at::native::reduce_kernel<(int)512, (int)1, at::native::ReduceOp<float, at::native::MeanOps<float, float, float, float>, unsigned int, float, (int)4, (int)4>>(T3)"
0.1,83329,77,1082.2,1024.0,864,1440,149.1,"void at::native::vectorized_elementwise_kernel<(int)4, at::native::CUDAFunctorOnSelf_add<float>, std::array<char *, (unsigned long)2>>(int, T2, T3)"
0.1,76352,48,1590.7,1632.0,1248,2048,287.2,"void at::native::unrolled_elementwise_kernel<at::native::direct_copy_kernel_cuda(at::TensorIteratorBase &)::[lambda() (instance 3)]::operator ()() const::[lambda() (instance 4)]::operator ()() const::[lambda(long) (instance 1)], std::array<char *, (unsigned long)2>, (int)4, TrivialOffsetCalculator<(int)1, unsigned int>, TrivialOffsetCalculator<(int)1, unsigned int>, at::native::memory::LoadWithCast<(int)1>, at::native::memory::StoreWithCast<(int)1>>(int, T1, T2, T4, T5, T6, T7)"
0.1,75040,97,773.6,736.0,672,1024,95.8,"void <unnamed>::elementwise_kernel_with_index<int, at::native::arange_cuda_out(const c10::Scalar &, const c10::Scalar &, const c10::Scalar &, at::Tensor &)::[lambda() (instance 1)]::operator ()() const::[lambda() (instance 4)]::operator ()() const::[lambda(long) (instance 1)]>(T1, T2, function_traits<T2>::result_type *)"
0.1,73665,36,2046.3,1792.0,1216,2912,425.7,"void at::native::vectorized_elementwise_kernel<(int)4, at::native::CUDAFunctor_add<c10::BFloat16>, std::array<char *, (unsigned long)3>>(int, T2, T3)"
0.1,71298,29,2458.6,2305.0,2144,4544,549.8,"void at::native::vectorized_elementwise_kernel<(int)4, void at::native::<unnamed>::pow_tensor_scalar_kernel_impl<float, float>(at::TensorIteratorBase &, T2)::[lambda(float) (instance 1)], std::array<char *, (unsigned long)2>>(int, T2, T3)"
0.1,66561,24,2773.4,2816.0,2624,2880,98.4,"void pytorch_flash::flash_fwd_splitkv_combine_kernel<Flash_fwd_kernel_traits<(int)64, (int)64, (int)256, (int)4, (bool)0, (bool)0, cutlass::bfloat16_t, Flash_kernel_traits<(int)64, (int)64, (int)256, (int)4, cutlass::bfloat16_t>>, (int)8, (int)1, (bool)1>(pytorch_flash::Flash_fwd_params)"
0.1,64065,2,32032.5,32032.5,12321,51744,27876.3,"void at::native::<unnamed>::upsample_gen2d_aa_out_frame<float, float, at::native::upsample_antialias::BicubicFilterFunctor>(T2, T2, at::GenericPackedTensorAccessor<const T1, (unsigned long)4, at::DefaultPtrTraits, long>, at::GenericPackedTensorAccessor<T1, (unsigned long)4, at::DefaultPtrTraits, long>, const T3 &)"
0.1,63233,48,1317.4,1344.0,1120,1760,138.2,"void at::native::elementwise_kernel<(int)128, (int)2, void at::native::gpu_kernel_impl_nocast<at::native::CUDAFunctor_add<float>>(at::TensorIteratorBase &, const T1 &)::[lambda(int) (instance 1)]>(int, T3)"
0.1,61440,12,5120.0,5104.0,4928,5376,138.5,"void flash::flash_fwd_splitkv_combine_kernel<Flash_fwd_kernel_traits<(int)128, (int)64, (int)128, (int)4, (bool)0, (bool)0, cutlass::bfloat16_t, Flash_kernel_traits<(int)128, (int)64, (int)128, (int)4, cutlass::bfloat16_t>>, (int)4, (int)1, (bool)1>(flash::Flash_fwd_params)"
0.1,60896,11,5536.0,5504.0,5472,5664,70.1,"void at::native::sbtopk::gatherTopK<float, unsigned int, (int)2, (bool)0>(at::cuda::detail::TensorInfo<const T1, T2>, T2, T2, bool, T2, T2, at::cuda::detail::TensorInfo<T1, T2>, T2, at::cuda::detail::TensorInfo<long, T2>, T2, T1 *)"
0.1,53761,8,6720.1,6704.5,6656,6784,48.3,"void at::native::<unnamed>::upsample_linear1d_out_frame<float, float>(int, T2, bool, at::GenericPackedTensorAccessor<const T1, (unsigned long)3, at::DefaultPtrTraits, long>, at::GenericPackedTensorAccessor<T1, (unsigned long)3, at::DefaultPtrTraits, long>)"
0.1,52736,24,2197.3,2176.0,2144,2368,58.7,"void at::native::elementwise_kernel<(int)128, (int)4, void at::native::gpu_kernel_impl_nocast<at::native::neg_kernel_cuda(at::TensorIteratorBase &)::[lambda() (instance 2)]::operator ()() const::[lambda() (instance 9)]::operator ()() const::[lambda(c10::BFloat16) (instance 1)]>(at::TensorIteratorBase &, const T1 &)::[lambda(int) (instance 1)]>(int, T3)"
0.1,41665,37,1126.1,992.0,896,4448,596.0,"void at::native::vectorized_elementwise_kernel<(int)4, at::native::AUnaryFunctor<float, float, float, at::native::binary_internal::MulFunctor<float>>, std::array<char *, (unsigned long)2>>(int, T2, T3)"
0.1,37888,11,3444.4,3424.0,3392,3520,45.9,"void at::native::_scatter_gather_elementwise_kernel<(int)128, (int)8, void at::native::_cuda_scatter_fill_internal_kernel<at::native::OpaqueType<(int)8>, long>::operator ()<at::native::TensorAssign>(at::TensorIterator &, at::native::OpaqueType<(int)8>, long, long, long, const T1 &)::[lambda(int) (instance 1)]>(int, T3)"
0.0,30496,25,1219.8,1152.0,1120,1472,112.9,"void at::native::vectorized_elementwise_kernel<(int)4, at::native::rsqrt_kernel_cuda(at::TensorIteratorBase &)::[lambda() (instance 2)]::operator ()() const::[lambda() (instance 2)]::operator ()() const::[lambda(float) (instance 1)], std::array<char *, (unsigned long)2>>(int, T2, T3)"
0.0,28802,4,7200.5,7152.5,5505,8992,1941.5,"void at::native::elementwise_kernel<(int)128, (int)4, void at::native::gpu_kernel_impl<at::native::BinaryFunctor<float, float, float, at::native::binary_internal::DivFunctor<float>>>(at::TensorIteratorBase &, const T1 &)::[lambda(int) (instance 1)]>(int, T3)"
0.0,27168,8,3396.0,3424.0,3136,3584,177.3,"void at::native::index_elementwise_kernel<(int)128, (int)4, void at::native::gpu_index_kernel<void at::native::index_kernel_impl<at::native::OpaqueType<(int)2>>(at::TensorIteratorBase &, c10::ArrayRef<long>, c10::ArrayRef<long>)::[lambda(char *, const char *, long) (instance 1)]>(at::TensorIteratorBase &, c10::ArrayRef<long>, c10::ArrayRef<long>, const T1 &, bool)::[lambda(int) (instance 1)]>(long, T3)"
0.0,25826,12,2152.2,2144.0,2080,2273,67.3,"void at::native::reduce_kernel<(int)512, (int)1, at::native::ReduceOp<bool, at::native::func_wrapper_t<bool, at::native::and_kernel_cuda(at::TensorIterator &)::[lambda() (instance 1)]::operator ()() const::[lambda() (instance 12)]::operator ()() const::[lambda(bool, bool) (instance 1)]>, unsigned int, bool, (int)4, (int)4>>(T3)"
0.0,25632,4,6408.0,6400.0,4640,8192,2041.6,"void at::native::elementwise_kernel<(int)128, (int)4, void at::native::gpu_kernel_impl<at::native::BinaryFunctor<float, float, float, at::native::binary_internal::MulFunctor<float>>>(at::TensorIteratorBase &, const T1 &)::[lambda(int) (instance 1)]>(int, T3)"
0.0,25376,8,3172.0,2368.0,1568,7744,2060.2,"void cudnn::engines_precompiled::nhwcToNchwKernel<__nv_bfloat16, __nv_bfloat16, float, (bool)1, (bool)0, (cudnnKernelDataType_t)0>(cudnn::engines_precompiled::nhwc2nchw_params_t<T3>, const T1 *, T2 *)"
0.0,25248,4,6312.0,6352.0,4288,8256,2209.8,"void at::native::elementwise_kernel<(int)128, (int)4, void at::native::gpu_kernel_impl<at::native::CUDAFunctor_add<float>>(at::TensorIteratorBase &, const T1 &)::[lambda(int) (instance 1)]>(int, T3)"
0.0,24832,11,2257.5,2240.0,2240,2304,26.2,"void at_cuda_detail::cub::DeviceRadixSortHistogramKernel<at_cuda_detail::cub::DeviceRadixSortPolicy<long, at::cuda::cub::detail::OpaqueType<(int)8>, unsigned long long>::Policy900, (bool)0, long, unsigned long long, at_cuda_detail::cub::detail::identity_decomposer_t>(T4 *, const T3 *, T4, int, int, T5)"
0.0,24736,12,2061.3,2064.0,2016,2112,28.8,"void at::native::<unnamed>::CatArrayBatchedCopy<at::native::<unnamed>::OpaqueType<(unsigned int)4>, unsigned int, (int)3, (int)64, (int)64>(T1 *, at::native::<unnamed>::CatArrInputTensorMetadata<T1, T2, T4, T5>, at::native::<unnamed>::TensorSizeStride<T2, (unsigned int)4>, int, T2)"
0.0,23040,4,5760.0,5520.0,5376,6624,580.1,"void at::native::reduce_kernel<(int)128, (int)4, at::native::ReduceOp<c10::BFloat16, at::native::MeanOps<c10::BFloat16, float, float, c10::BFloat16>, unsigned int, c10::BFloat16, (int)4, (int)8>>(T3)"
0.0,22368,4,5592.0,5504.0,5280,6080,346.0,"void at::native::reduce_kernel<(int)128, (int)4, at::native::ReduceOp<float, at::native::MeanOps<float, float, float, float>, unsigned int, float, (int)4, (int)4>>(T3)"
0.0,21504,1,21504.0,21504.0,21504,21504,0.0,void cutlass::Kernel2<cutlass_80_tensorop_bf16_s16816gemm_relu_bf16_64x256_32x4_nn_align8>(T1::Params)
0.0,20608,2,10304.0,10304.0,7872,12736,3439.4,"void at::native::reduce_kernel<(int)512, (int)1, at::native::ReduceOp<c10::BFloat16, at::native::func_wrapper_t<float, at::native::sum_functor<c10::BFloat16, float, float>::operator ()(at::TensorIterator &)::[lambda(float, float) (instance 1)]>, unsigned int, float, (int)4, (int)8>>(T3)"
0.0,20480,12,1706.7,1728.0,1600,1728,39.4,"void at::native::vectorized_elementwise_kernel<(int)4, at::native::cos_kernel_cuda(at::TensorIteratorBase &)::[lambda() (instance 2)]::operator ()() const::[lambda() (instance 2)]::operator ()() const::[lambda(float) (instance 1)], std::array<char *, (unsigned long)2>>(int, T2, T3)"
0.0,20065,12,1672.1,1680.0,1568,1697,36.5,"void at::native::vectorized_elementwise_kernel<(int)4, at::native::sin_kernel_cuda(at::TensorIteratorBase &)::[lambda() (instance 2)]::operator ()() const::[lambda() (instance 2)]::operator ()() const::[lambda(float) (instance 1)], std::array<char *, (unsigned long)2>>(int, T2, T3)"
0.0,19809,1,19809.0,19809.0,19809,19809,0.0,sm80_xmma_fprop_implicit_gemm_bf16bf16_bf16f32_f32_nhwckrsc_nhwc_tilesize64x32x64_stage5_warpsize2x2x1_g1_tensor16x8x16_t1r3s3_execute_kernel__5x_cudnn
0.0,19232,4,4808.0,4080.0,2784,8288,2437.5,"void at::native::<unnamed>::CatArrayBatchedCopy<at::native::<unnamed>::OpaqueType<(unsigned int)2>, unsigned int, (int)3, (int)64, (int)64>(T1 *, at::native::<unnamed>::CatArrInputTensorMetadata<T1, T2, T4, T5>, at::native::<unnamed>::TensorSizeStride<T2, (unsigned int)4>, int, T2)"
0.0,18400,11,1672.7,1664.0,1632,1696,20.7,"void at::native::vectorized_elementwise_kernel<(int)2, at::native::BUnaryFunctor<long, long, long, at::native::binary_internal::div_floor_kernel_cuda(at::TensorIteratorBase &)::[lambda() (instance 1)]::operator ()() const::[lambda() (instance 4)]::operator ()() const::[lambda(long, long) (instance 1)]>, std::array<char *, (unsigned long)2>>(int, T2, T3)"
0.0,16224,12,1352.0,1344.0,1312,1408,27.7,"void at::native::vectorized_elementwise_kernel<(int)4, void at::native::compare_scalar_kernel<long>(at::TensorIteratorBase &, at::native::<unnamed>::OpType, T1)::[lambda(long) (instance 1)], std::array<char *, (unsigned long)2>>(int, T2, T3)"
0.0,13696,12,1141.3,1152.0,1120,1152,15.8,"void gemmk1_kernel<int, float, (int)256, (int)5, (bool)0, (bool)0, (bool)0, (bool)0, cublasGemvTensorStridedBatched<const float>, cublasGemvTensorStridedBatched<const float>, cublasGemvTensorStridedBatched<float>, float, (int)0>(cublasGemmk1Params<T2, T9, T10, T11, T12, biasType<T11::value_type, T12>::type>)"
0.0,12704,11,1154.9,1152.0,1120,1184,17.3,"void <unnamed>::softmax_warp_forward<float, float, float, (int)6, (bool)0, (bool)0>(T2 *, const T1 *, int, int, int, const bool *, int, bool)"
0.0,12256,2,6128.0,6128.0,4352,7904,2511.6,"void at::native::elementwise_kernel<(int)128, (int)4, void at::native::gpu_kernel_impl<at::native::direct_copy_kernel_cuda(at::TensorIteratorBase &)::[lambda() (instance 3)]::operator ()() const::[lambda() (instance 7)]::operator ()() const::[lambda(float) (instance 1)]>(at::TensorIteratorBase &, const T1 &)::[lambda(int) (instance 1)]>(int, T3)"
0.0,12160,11,1105.5,1120.0,1088,1120,16.7,"at::native::<unnamed>::fill_reverse_indices_kernel(long *, int, at::cuda::detail::IntDivider<unsigned int>)"
0.0,12064,1,12064.0,12064.0,12064,12064,0.0,void cutlass::Kernel2<cutlass_80_tensorop_bf16_s16816gemm_relu_bf16_128x128_32x4_nn_align8>(T1::Params)
0.0,11616,3,3872.0,3680.0,3616,4320,389.3,"std::enable_if<!T7, void>::type internal::gemvx::kernel<int, int, __nv_bfloat16, __nv_bfloat16, __nv_bfloat16, float, (bool)0, (bool)1, (bool)1, (bool)0, (int)7, (bool)0, cublasGemvParamsEx<int, cublasGemvTensorStridedBatched<const __nv_bfloat16>, cublasGemvTensorStridedBatched<const __nv_bfloat16>, cublasGemvTensorStridedBatched<__nv_bfloat16>, float>>(T13)"
0.0,11456,12,954.7,960.0,928,992,18.5,"void at::native::unrolled_elementwise_kernel<at::native::CUDAFunctor_add<long>, std::array<char *, (unsigned long)3>, (int)4, TrivialOffsetCalculator<(int)2, unsigned int>, TrivialOffsetCalculator<(int)1, unsigned int>, at::native::memory::LoadWithoutCast, at::native::memory::StoreWithoutCast>(int, T1, T2, T4, T5, T6, T7)"
0.0,11040,11,1003.6,992.0,992,1024,16.1,"void at_cuda_detail::cub::DeviceRadixSortExclusiveSumKernel<at_cuda_detail::cub::DeviceRadixSortPolicy<long, at::cuda::cub::detail::OpaqueType<(int)8>, unsigned long long>::Policy900, unsigned long long>(T2 *)"
0.0,9408,11,855.3,864.0,832,864,14.9,"void at::native::vectorized_elementwise_kernel<(int)2, at::native::FillFunctor<long>, std::array<char *, (unsigned long)1>>(int, T2, T3)"
0.0,8256,2,4128.0,4128.0,2720,5536,1991.2,"void at::native::vectorized_elementwise_kernel<(int)4, at::native::BinaryFunctor<float, float, float, at::native::binary_internal::MulFunctor<float>>, std::array<char *, (unsigned long)3>>(int, T2, T3)"
0.0,7264,2,3632.0,3632.0,2528,4736,1561.3,"void at::native::vectorized_elementwise_kernel<(int)4, at::native::sigmoid_kernel_cuda(at::TensorIteratorBase &)::[lambda() (instance 2)]::operator ()() const::[lambda() (instance 2)]::operator ()() const::[lambda(float) (instance 1)], std::array<char *, (unsigned long)2>>(int, T2, T3)"
0.0,5856,1,5856.0,5856.0,5856,5856,0.0,"void at_cuda_detail::cub::DeviceScanKernel<at_cuda_detail::cub::DeviceScanPolicy<long, at::cuda::cub::<unnamed>::SumOp<long>>::Policy900, at_cuda_detail::cub::TransformInputIterator<bool, at::cuda::cub::<unnamed>::CountMaskOp, const unsigned char *, long>, long *, at_cuda_detail::cub::ScanTileState<long, (bool)1>, at::cuda::cub::<unnamed>::SumOp<long>, at_cuda_detail::cub::detail::InputValue<long, long *>, unsigned int, long, (bool)0>(T2, T3, T4, int, T5, T6, T7)"
0.0,4608,4,1152.0,1152.0,1120,1184,37.0,"void at::native::vectorized_elementwise_kernel<(int)4, at::native::sqrt_kernel_cuda(at::TensorIteratorBase &)::[lambda() (instance 2)]::operator ()() const::[lambda() (instance 2)]::operator ()() const::[lambda(float) (instance 1)], std::array<char *, (unsigned long)2>>(int, T2, T3)"
0.0,4416,1,4416.0,4416.0,4416,4416,0.0,"void cublasLt::splitKreduce_kernel<(int)32, (int)16, int, __nv_bfloat16, __nv_bfloat16, float, __nv_bfloat16, (bool)0, __nv_bfloat16, __nv_bfloat16, __nv_bfloat16, (bool)1, (bool)0, (bool)0>(cublasLt::cublasSplitKParams<T6>, const T4 *, const T10 *, T9 *, T5 *, const T6 *, const T6 *, const T11 *, const T4 *, T11 *, void *, long, T6 *, int *, T6 *, T6 *, const T6 *, const T6 *, const T6 *, const T6 *, const T6 *)"
0.0,3712,1,3712.0,3712.0,3712,3712,0.0,"void at::native::vectorized_elementwise_kernel<(int)4, at::native::launch_masked_scatter_kernel(const at::TensorBase &, const at::TensorBase &, const at::TensorBase &, const at::TensorBase &)::[lambda() (instance 1)]::operator ()() const::[lambda() (instance 11)]::operator ()() const::[lambda(c10::BFloat16, bool, long) (instance 1)], std::array<char *, (unsigned long)4>>(int, T2, T3)"
0.0,2784,1,2784.0,2784.0,2784,2784,0.0,"void at::native::<unnamed>::CatArrayBatchedCopy<at::native::<unnamed>::OpaqueType<(unsigned int)2>, unsigned int, (int)2, (int)64, (int)64>(T1 *, at::native::<unnamed>::CatArrInputTensorMetadata<T1, T2, T4, T5>, at::native::<unnamed>::TensorSizeStride<T2, (unsigned int)4>, int, T2)"
0.0,2624,1,2624.0,2624.0,2624,2624,0.0,"void at::native::elementwise_kernel<(int)128, (int)4, void at::native::gpu_kernel_impl_nocast<at::native::direct_copy_kernel_cuda(at::TensorIteratorBase &)::[lambda() (instance 3)]::operator ()() const::[lambda() (instance 11)]::operator ()() const::[lambda(bool) (instance 1)]>(at::TensorIteratorBase &, const T1 &)::[lambda(int) (instance 1)]>(int, T3)"
0.0,1984,1,1984.0,1984.0,1984,1984,0.0,"void at::native::reduce_kernel<(int)512, (int)1, at::native::ReduceOp<bool, at::native::func_wrapper_t<bool, at::native::or_kernel_cuda(at::TensorIterator &)::[lambda() (instance 1)]::operator ()() const::[lambda() (instance 12)]::operator ()() const::[lambda(bool, bool) (instance 1)]>, unsigned int, bool, (int)4, (int)4>>(T3)"
0.0,1440,1,1440.0,1440.0,1440,1440,0.0,"void at::native::vectorized_elementwise_kernel<(int)4, at::native::AUnaryFunctor<long, long, bool, at::native::<unnamed>::CompareEqFunctor<long>>, std::array<char *, (unsigned long)2>>(int, T2, T3)"
0.0,928,1,928.0,928.0,928,928,0.0,"at::native::<unnamed>::masked_scatter_size_check(const long *, const bool *, long)"
0.0,768,1,768.0,768.0,768,768,0.0,"void at_cuda_detail::cub::DeviceScanInitKernel<at_cuda_detail::cub::ScanTileState<long, (bool)1>>(T1, int)"
