"ID","Process ID","Process Name","Host Name","Kernel Name","Context","Stream","Block Size","Grid Size","Device","CC","Section Name","Metric Name","Metric Unit","Metric Value","Rule Name","Rule Type","Rule Description","Estimated Speedup Type","Estimated Speedup"
"0","1751255","python3.12","127.0.0.1","void elementwise_kernel<128, 4, void gpu_kernel_impl_nocast<neg_kernel_cuda(TensorIteratorBase &)::[lambda() (instance 2)]::operator ()() lambda() (instance 9)]::operator ()() lambda(BFloat16) (instance 1)]>(TensorIteratorBase &, const T1 &)::[lambda(int) (instance 1)]>(int, T3)","1","7","(128, 1, 1)","(1142, 1, 1)","0","12.0","Occupancy","Max Active Clusters","cluster","0",
"0","1751255","python3.12","127.0.0.1","void elementwise_kernel<128, 4, void gpu_kernel_impl_nocast<neg_kernel_cuda(TensorIteratorBase &)::[lambda() (instance 2)]::operator ()() lambda() (instance 9)]::operator ()() lambda(BFloat16) (instance 1)]>(TensorIteratorBase &, const T1 &)::[lambda(int) (instance 1)]>(int, T3)","1","7","(128, 1, 1)","(1142, 1, 1)","0","12.0","Occupancy","Max Cluster Size","block","8",
"0","1751255","python3.12","127.0.0.1","void elementwise_kernel<128, 4, void gpu_kernel_impl_nocast<neg_kernel_cuda(TensorIteratorBase &)::[lambda() (instance 2)]::operator ()() lambda() (instance 9)]::operator ()() lambda(BFloat16) (instance 1)]>(TensorIteratorBase &, const T1 &)::[lambda(int) (instance 1)]>(int, T3)","1","7","(128, 1, 1)","(1142, 1, 1)","0","12.0","Occupancy","Overall GPU Occupancy","%","0",
"0","1751255","python3.12","127.0.0.1","void elementwise_kernel<128, 4, void gpu_kernel_impl_nocast<neg_kernel_cuda(TensorIteratorBase &)::[lambda() (instance 2)]::operator ()() lambda() (instance 9)]::operator ()() lambda(BFloat16) (instance 1)]>(TensorIteratorBase &, const T1 &)::[lambda(int) (instance 1)]>(int, T3)","1","7","(128, 1, 1)","(1142, 1, 1)","0","12.0","Occupancy","Cluster Occupancy","%","0",
"0","1751255","python3.12","127.0.0.1","void elementwise_kernel<128, 4, void gpu_kernel_impl_nocast<neg_kernel_cuda(TensorIteratorBase &)::[lambda() (instance 2)]::operator ()() lambda() (instance 9)]::operator ()() lambda(BFloat16) (instance 1)]>(TensorIteratorBase &, const T1 &)::[lambda(int) (instance 1)]>(int, T3)","1","7","(128, 1, 1)","(1142, 1, 1)","0","12.0","Occupancy","Block Limit Barriers","block","24",
"0","1751255","python3.12","127.0.0.1","void elementwise_kernel<128, 4, void gpu_kernel_impl_nocast<neg_kernel_cuda(TensorIteratorBase &)::[lambda() (instance 2)]::operator ()() lambda() (instance 9)]::operator ()() lambda(BFloat16) (instance 1)]>(TensorIteratorBase &, const T1 &)::[lambda(int) (instance 1)]>(int, T3)","1","7","(128, 1, 1)","(1142, 1, 1)","0","12.0","Occupancy","Block Limit SM","block","24",
"0","1751255","python3.12","127.0.0.1","void elementwise_kernel<128, 4, void gpu_kernel_impl_nocast<neg_kernel_cuda(TensorIteratorBase &)::[lambda() (instance 2)]::operator ()() lambda() (instance 9)]::operator ()() lambda(BFloat16) (instance 1)]>(TensorIteratorBase &, const T1 &)::[lambda(int) (instance 1)]>(int, T3)","1","7","(128, 1, 1)","(1142, 1, 1)","0","12.0","Occupancy","Block Limit Registers","block","21",
"0","1751255","python3.12","127.0.0.1","void elementwise_kernel<128, 4, void gpu_kernel_impl_nocast<neg_kernel_cuda(TensorIteratorBase &)::[lambda() (instance 2)]::operator ()() lambda() (instance 9)]::operator ()() lambda(BFloat16) (instance 1)]>(TensorIteratorBase &, const T1 &)::[lambda(int) (instance 1)]>(int, T3)","1","7","(128, 1, 1)","(1142, 1, 1)","0","12.0","Occupancy","Block Limit Shared Mem","block","32",
"0","1751255","python3.12","127.0.0.1","void elementwise_kernel<128, 4, void gpu_kernel_impl_nocast<neg_kernel_cuda(TensorIteratorBase &)::[lambda() (instance 2)]::operator ()() lambda() (instance 9)]::operator ()() lambda(BFloat16) (instance 1)]>(TensorIteratorBase &, const T1 &)::[lambda(int) (instance 1)]>(int, T3)","1","7","(128, 1, 1)","(1142, 1, 1)","0","12.0","Occupancy","Block Limit Warps","block","12",
"0","1751255","python3.12","127.0.0.1","void elementwise_kernel<128, 4, void gpu_kernel_impl_nocast<neg_kernel_cuda(TensorIteratorBase &)::[lambda() (instance 2)]::operator ()() lambda() (instance 9)]::operator ()() lambda(BFloat16) (instance 1)]>(TensorIteratorBase &, const T1 &)::[lambda(int) (instance 1)]>(int, T3)","1","7","(128, 1, 1)","(1142, 1, 1)","0","12.0","Occupancy","Theoretical Active Warps per SM","warp","48",
"0","1751255","python3.12","127.0.0.1","void elementwise_kernel<128, 4, void gpu_kernel_impl_nocast<neg_kernel_cuda(TensorIteratorBase &)::[lambda() (instance 2)]::operator ()() lambda() (instance 9)]::operator ()() lambda(BFloat16) (instance 1)]>(TensorIteratorBase &, const T1 &)::[lambda(int) (instance 1)]>(int, T3)","1","7","(128, 1, 1)","(1142, 1, 1)","0","12.0","Occupancy","Theoretical Occupancy","%","100",
"0","1751255","python3.12","127.0.0.1","void elementwise_kernel<128, 4, void gpu_kernel_impl_nocast<neg_kernel_cuda(TensorIteratorBase &)::[lambda() (instance 2)]::operator ()() lambda() (instance 9)]::operator ()() lambda(BFloat16) (instance 1)]>(TensorIteratorBase &, const T1 &)::[lambda(int) (instance 1)]>(int, T3)","1","7","(128, 1, 1)","(1142, 1, 1)","0","12.0","Occupancy","Achieved Occupancy","%","54.32",
"0","1751255","python3.12","127.0.0.1","void elementwise_kernel<128, 4, void gpu_kernel_impl_nocast<neg_kernel_cuda(TensorIteratorBase &)::[lambda() (instance 2)]::operator ()() lambda() (instance 9)]::operator ()() lambda(BFloat16) (instance 1)]>(TensorIteratorBase &, const T1 &)::[lambda(int) (instance 1)]>(int, T3)","1","7","(128, 1, 1)","(1142, 1, 1)","0","12.0","Occupancy","Achieved Active Warps Per SM","warp","26.08",
"0","1751255","python3.12","127.0.0.1","void elementwise_kernel<128, 4, void gpu_kernel_impl_nocast<neg_kernel_cuda(TensorIteratorBase &)::[lambda() (instance 2)]::operator ()() lambda() (instance 9)]::operator ()() lambda(BFloat16) (instance 1)]>(TensorIteratorBase &, const T1 &)::[lambda(int) (instance 1)]>(int, T3)","1","7","(128, 1, 1)","(1142, 1, 1)","0","12.0","Occupancy","","","","AchievedOccupancy","OPT","The difference between calculated theoretical (100.0%) and measured achieved occupancy (54.3%) can be the result of warp scheduling overheads or workload imbalances during the kernel execution. Load imbalances can occur between warps within a block as well as across blocks of the same kernel. See the CUDA Best Practices Guide (https://docs.nvidia.com/cuda/cuda-c-best-practices-guide/index.html#occupancy) for more details on optimizing occupancy.","global","45.68"
